"Task ID","Parent Task ID","Type","Task Name","Area","Responsible Role","Sprint","Status","Priority","Critical Path","Preconditions","Postconditions","Description"
"PKWEB-001","","Task","Definir objetivo comercial audiencia y KPI del webinar","Product Marketing","Product Marketing Lead","Sprint W0","Planned","P0","Yes","Existe decisión de usar webinar como vehículo principal de lanzamiento","Existe brief comercial del webinar con KPI acordado","Alinear audiencia, promesa comercial, CTA y metas de funnel antes de producir activos."
"PKWEB-001.1","PKWEB-001","Subtask","Cerrar ICP y pains prioritarios","Product Marketing","Product Marketing Lead","Sprint W0","Planned","P0","Yes","Producto y segmento inicial definidos","Audiencia objetivo priorizada","Definir el perfil exacto de broker y los pains que más convierten."
"PKWEB-001.2","PKWEB-001","Subtask","Definir oferta CTA y outcome del webinar","Product Marketing + Sales","PMM Lead","Sprint W0","Planned","P0","Yes","ICP y pains definidos","CTA final aprobado","Elegir si el CTA será demo, piloto, onboarding o lista de espera calificada."
"PKWEB-001.3","PKWEB-001","Subtask","Acordar metas de registro asistencia demos y conversion","Growth","Growth Lead","Sprint W0","Planned","P1","No","CTA definido","KPI funnel publicado","Fijar objetivos base por etapa del funnel."
"PKWEB-002","","Task","Diseñar narrativa del webinar y mensaje de campaña","Product Marketing + Content","Content Strategist","Sprint W0","Planned","P0","Yes","Objetivo comercial y CTA definidos","Existe narrativa comercial consistente por canal","Convertir la propuesta de valor en una promesa clara y defendible."
"PKWEB-002.1","PKWEB-002","Subtask","Definir promesa central y titulo gancho","Product Marketing","PMM Lead","Sprint W0","Planned","P0","Yes","ICP y outcome acordados","Titulo aprobado","Redactar una promesa simple que justifique el registro."
"PKWEB-002.2","PKWEB-002","Subtask","Escribir agenda de 45-60 minutos y secuencia de CTA","Content","Content Strategist","Sprint W0","Planned","P0","Yes","Promesa central definida","Guion estructural del webinar listo","Ordenar apertura, valor, demo, objeciones y cierre."
"PKWEB-002.3","PKWEB-002","Subtask","Preparar mapa de objeciones y respuestas","Sales + Product Marketing","Sales Lead","Sprint W0","Planned","P1","No","Narrativa base definida","Listado de respuestas listas para vivo y follow-up","Anticipar fricciones de precio, tiempo, adopción y diferenciación."
"PKWEB-003","","Task","Construir funnel de registro y tracking","Marketing Ops","Marketing Ops Lead","Sprint W1","Planned","P0","Yes","Narrativa y CTA aprobados","Registro y tracking operativos","Asegurar que cada registro y asistencia pueda rastrearse hasta conversión."
"PKWEB-003.1","PKWEB-003","Subtask","Crear landing o formulario con UTM pixel y fuente","Marketing Ops","Marketing Ops Lead","Sprint W1","Planned","P0","Yes","Título y CTA final aprobados","Página o formulario publicable","Montar página o registro con captura de fuente y datos mínimos."
"PKWEB-003.2","PKWEB-003","Subtask","Configurar emails de confirmacion recordatorio y replay","Marketing Ops + Content","Lifecycle Lead","Sprint W1","Planned","P0","Yes","Registro operativo","Secuencia automática activa","Configurar flujo mínimo de confirmación, recordatorios y replay."
"PKWEB-003.3","PKWEB-003","Subtask","Crear dashboard de tracking por fuente y etapa","RevOps","RevOps Lead","Sprint W1","Planned","P1","No","UTMs y eventos definidos","Panel de control utilizable","Medir registrados, asistentes, intención y conversiones."
"PKWEB-004","","Task","Producir activos de campaña y kit creativo","Content + Design","Brand Designer","Sprint W1","Planned","P0","Yes","Narrativa, titulo y CTA definidos","Piezas aprobadas para campaña","Generar los activos mínimos para difusión consistente del webinar."
"PKWEB-004.1","PKWEB-004","Subtask","Redactar copies para email LinkedIn WhatsApp y anuncios","Content","Copy Lead","Sprint W1","Planned","P0","Yes","Promesa y CTA definidos","Banco de copies aprobado","Crear mensajes por canal manteniendo una misma narrativa."
"PKWEB-004.2","PKWEB-004","Subtask","Diseñar piezas visuales y versiones por canal","Design","Brand Designer","Sprint W1","Planned","P0","Yes","Copies base listos","Creatividades listas para publicar","Diseñar banners, miniaturas y piezas sociales del webinar."
"PKWEB-004.3","PKWEB-004","Subtask","Preparar kit para speakers aliados o partners","Content + Partnerships","Partnerships Lead","Sprint W1","Planned","P1","No","Activos principales listos","Kit distribuible","Dejar mensajes y piezas reutilizables para terceros."
"PKWEB-005","","Task","Activar captacion y convocatoria","Growth","Growth Lead","Sprint W2-W3","Planned","P0","Yes","Funnel y activos publicados","Se llena el webinar con audiencia correcta","Lanzar la convocatoria y optimizar la mezcla de canales."
"PKWEB-005.1","PKWEB-005","Subtask","Construir base priorizada de invitados y segmentos","Growth + CRM","Growth Lead","Sprint W2","Planned","P0","Yes","ICP definido","Base priorizada disponible","Segmentar prospectos, clientes tibios, referidos y audiencias lookalike."
"PKWEB-005.2","PKWEB-005","Subtask","Ejecutar secuencia outbound e inbound por canal","Growth","Demand Gen Lead","Sprint W2-W3","Planned","P0","Yes","Base y piezas listas","Campaña activa en todos los canales clave","Activar email, social, mensajes directos y comunidades."
"PKWEB-005.3","PKWEB-005","Subtask","Lanzar pruebas pagadas o alianzas de distribucion","Growth + Partnerships","Growth Lead","Sprint W2-W3","Planned","P1","No","Tracking y assets listos","Canales adicionales validados","Probar ads pequeños o distribución con aliados."
"PKWEB-006","","Task","Preparar demo comercial y oferta de cierre","Product Marketing + Sales","PMM Lead","Sprint W2-W3","Planned","P0","Yes","Narrativa del webinar aprobada","Existe demo convincente y oferta de cierre lista","Preparar el corazón comercial del webinar en vivo."
"PKWEB-006.1","PKWEB-006","Subtask","Definir caso de uso en vivo y flujo demo estable","Product + PMM","PM / Product Owner","Sprint W2","Planned","P0","Yes","MVP demo estable disponible","Demo cerrada para rehearsal","Seleccionar el recorrido más vendedor y menos frágil."
"PKWEB-006.2","PKWEB-006","Subtask","Preparar prueba social beneficios y antes despues","Sales + PMM","Sales Lead","Sprint W2","Planned","P1","No","Caso de uso elegido","Bloques de prueba comercial listos","Armar beneficios medibles, mini casos y diferenciadores."
"PKWEB-006.3","PKWEB-006","Subtask","Diseñar oferta de cierre bono urgencia y siguiente paso","Sales","Sales Lead","Sprint W3","Planned","P0","Yes","CTA y precio comercial alineados","Oferta final lista","Definir incentivo del webinar y acción inmediata posterior."
"PKWEB-007","","Task","Asegurar operacion tecnica y rehearsal del webinar","Webinar Ops","Marketing Ops Lead","Sprint W3","Planned","P0","Yes","Demo y oferta listas para ensayo","El webinar puede ejecutarse sin fricción técnica","Blindar plataforma, roles y contingencias antes del vivo."
"PKWEB-007.1","PKWEB-007","Subtask","Seleccionar plataforma registro streaming y backup","Webinar Ops","Marketing Ops Lead","Sprint W3","Planned","P0","Yes","Formato del webinar definido","Stack técnico confirmado","Elegir plataforma y plan de contingencia."
"PKWEB-007.2","PKWEB-007","Subtask","Ejecutar ensayo completo con speakers y moderacion","Webinar Ops + Speakers","Webinar Host","Sprint W3","Planned","P0","Yes","Stack técnico definido","Ensayo general completado","Simular tiempos, handoffs, preguntas y CTA."
"PKWEB-007.3","PKWEB-007","Subtask","Publicar runbook del dia del evento y contingencias","Webinar Ops","Marketing Ops Lead","Sprint W3","Planned","P0","Yes","Ensayo general realizado","Runbook compartido","Dejar checklist del evento, roles, tiempos y fallback."
"PKWEB-008","","Task","Ejecutar webinar en vivo y captura de demanda","Marketing + Sales","Webinar Host","Sprint W4","Planned","P0","Yes","Ensayo y runbook completados","La demanda queda capturada y segmentada","Operar el evento como momento de conversión y no sólo de awareness."
"PKWEB-008.1","PKWEB-008","Subtask","Coordinar host moderacion encuestas y CTA en vivo","Marketing","Webinar Host","Sprint W4","Planned","P0","Yes","Runbook validado","Evento ejecutado según guion","Asegurar conducción clara, energía y CTA visibles."
"PKWEB-008.2","PKWEB-008","Subtask","Capturar preguntas señales de compra y score de asistentes","Sales + Ops","Sales Ops","Sprint W4","Planned","P0","Yes","Evento en marcha","Señales de intención registradas","Etiquetar preguntas, interés y urgencia por asistente."
"PKWEB-008.3","PKWEB-008","Subtask","Consolidar asistencia no show y leads calientes al cierre","Marketing Ops + Sales","RevOps Lead","Sprint W4","Planned","P0","Yes","Datos de evento disponibles","Lista de follow-up priorizada","Cerrar la foto del evento al terminar."
"PKWEB-009","","Task","Activar follow-up comercial de 72 horas","Sales + CRM","Sales Lead","Sprint W4","Planned","P0","Yes","Asistencia y score consolidados","Leads calientes avanzan a conversación o cierre","Capitalizar el interés generado inmediatamente después del webinar."
"PKWEB-009.1","PKWEB-009","Subtask","Enviar replay segmentado por asistencia e intencion","CRM","Lifecycle Lead","Sprint W4","Planned","P0","Yes","Segmentación final disponible","Replay enviado con mensaje correcto","Separar no-show, asistente tibio y asistente caliente."
"PKWEB-009.2","PKWEB-009","Subtask","Agendar demos onboarding o llamadas de cierre","Sales","SDR Lead","Sprint W4","Planned","P0","Yes","Leads priorizados","Agenda comercial llena","Mover leads con intención a siguiente paso concreto."
"PKWEB-009.3","PKWEB-009","Subtask","Hacer cierre y reactivacion de leads templados","Sales","Sales Lead","Sprint W4","Planned","P1","No","Flujo principal de follow-up activo","Leads templados recirculados","Crear secuencia para quienes no compran en la primera ola."
"PKWEB-010","","Task","Medir resultados y documentar siguiente iteracion","Growth + Product Marketing","Growth Lead","Sprint W4","Planned","P1","No","Follow-up inicial completado","Existe playbook optimizado para siguiente webinar","Convertir el lanzamiento en una máquina repetible."
"PKWEB-010.1","PKWEB-010","Subtask","Analizar conversion por fuente mensaje y segmento","Growth","Growth Lead","Sprint W4","Planned","P1","No","Datos completos de campaña y evento","Lectura clara de performance","Comparar canal, copy, fuente y segmento."
"PKWEB-010.2","PKWEB-010","Subtask","Documentar aprendizajes assets ganadores y objeciones","Product Marketing","PMM Lead","Sprint W4","Planned","P1","No","Datos y feedback consolidados","Memoria operativa publicada","Registrar qué funcionó y qué friccionó."
"PKWEB-010.3","PKWEB-010","Subtask","Definir backlog de optimizacion para el siguiente webinar","Growth + PMM","Growth Lead","Sprint W4","Planned","P1","No","Aprendizajes documentados","Siguiente iteración priorizada","Traducir insights en backlog accionable."
